[
  {
    "id": "6e5438d8-f655-4146-b70e-e85d3a3c2771",
    "data": [
      {
        "text": "Dum Aaloo",
        "userDefined": false
      }
    ],
    "isTemplate": false,
    "count": 0,
    "lang": "en",
    "updated": 0
  },
  {
    "id": "31f114e0-b5fc-4119-a235-2803a26b6e9c",
    "data": [
      {
        "text": "butter naan",
        "userDefined": false
      }
    ],
    "isTemplate": false,
    "count": 0,
    "lang": "en",
    "updated": 0
  },
  {
    "id": "e15653e8-639d-4418-96de-e049801481bc",
    "data": [
      {
        "text": "cheese pizza.",
        "userDefined": false
      }
    ],
    "isTemplate": false,
    "count": 0,
    "lang": "en",
    "updated": 0
  },
  {
    "id": "f57bd993-0392-4280-b2bf-10b9fa737f40",
    "data": [
      {
        "text": "Malai Kofta",
        "userDefined": false
      }
    ],
    "isTemplate": false,
    "count": 0,
    "lang": "en",
    "updated": 0
  }
]